-- phpMyAdmin SQL Dump
-- version 4.2.7.1
-- http://www.phpmyadmin.net
--
-- Client :  localhost
-- Généré le :  Ven 06 Juin 2025 à 16:40
-- Version du serveur :  5.6.20
-- Version de PHP :  5.5.15

SET SQL_MODE = "NO_AUTO_VALUE_ON_ZERO";
SET time_zone = "+00:00";


/*!40101 SET @OLD_CHARACTER_SET_CLIENT=@@CHARACTER_SET_CLIENT */;
/*!40101 SET @OLD_CHARACTER_SET_RESULTS=@@CHARACTER_SET_RESULTS */;
/*!40101 SET @OLD_COLLATION_CONNECTION=@@COLLATION_CONNECTION */;
/*!40101 SET NAMES utf8 */;

--
-- Base de données :  `sae23`
--

-- --------------------------------------------------------

--
-- Structure de la table `Administration`
--

CREATE TABLE IF NOT EXISTS `Administration` (
  `login` varchar(25) COLLATE utf8_unicode_ci NOT NULL,
  `motdepasse` varchar(25) COLLATE utf8_unicode_ci NOT NULL
) ENGINE=InnoDB DEFAULT CHARSET=utf8 COLLATE=utf8_unicode_ci;

--
-- Contenu de la table `Administration`
--

INSERT INTO `Administration` (`login`, `motdepasse`) VALUES
('Florent', 'Bidon');

-- --------------------------------------------------------

--
-- Structure de la table `Batiment`
--

CREATE TABLE IF NOT EXISTS `Batiment` (
`Identifiant` int(11) NOT NULL,
  `nom` varchar(1) COLLATE utf8_unicode_ci NOT NULL,
  `login` varchar(25) COLLATE utf8_unicode_ci NOT NULL,
  `motdepasse` varchar(25) COLLATE utf8_unicode_ci NOT NULL
) ENGINE=InnoDB  DEFAULT CHARSET=utf8 COLLATE=utf8_unicode_ci AUTO_INCREMENT=4 ;

--
-- Contenu de la table `Batiment`
--

INSERT INTO `Batiment` (`Identifiant`, `nom`, `login`, `motdepasse`) VALUES
(1, 'E', 'root', 'passroot');

-- --------------------------------------------------------

--
-- Structure de la table `Capteurs`
--

CREATE TABLE IF NOT EXISTS `Capteurs` (
  `NOM_cpt` varchar(25) COLLATE utf8_unicode_ci NOT NULL,
  `type` varchar(25) COLLATE utf8_unicode_ci NOT NULL,
  `unite` varchar(25) COLLATE utf8_unicode_ci NOT NULL,
  `NOM_salle` varchar(25) COLLATE utf8_unicode_ci NOT NULL
) ENGINE=InnoDB DEFAULT CHARSET=utf8 COLLATE=utf8_unicode_ci;

--
-- Contenu de la table `Capteurs`
--

INSERT INTO `Capteurs` (`NOM_cpt`, `type`, `unite`, `NOM_salle`) VALUES
('Hum_102', 'Humidite', '%', 'E102'),
('Hum_208', 'Humidite', '%', 'E208'),
('Temp_102', 'Temperature', '°C', 'E102'),
('Temp_208', 'Temperature', '°C', 'E208');

-- --------------------------------------------------------

--
-- Structure de la table `Mesure`
--

CREATE TABLE IF NOT EXISTS `Mesure` (
`Identifiant` int(11) NOT NULL,
  `date` date NOT NULL,
  `horaire` time NOT NULL,
  `valeur` int(11) NOT NULL,
  `NOM_cpt` varchar(25) COLLATE utf8_unicode_ci NOT NULL
) ENGINE=InnoDB  DEFAULT CHARSET=utf8 COLLATE=utf8_unicode_ci AUTO_INCREMENT=238 ;

--
-- Contenu de la table `Mesure`
--

INSERT INTO `Mesure` (`Identifiant`, `date`, `horaire`, `valeur`, `NOM_cpt`) VALUES
(5, '2025-06-06', '10:37:09', 27, 'Temp_208'),
(6, '2025-06-06', '10:59:07', 27, 'Temp_208'),
(7, '2025-06-06', '10:59:07', 50, 'Hum_208'),
(8, '2025-06-06', '10:59:07', 28, 'Temp_102'),
(9, '2025-06-06', '10:59:07', 49, 'Hum_102'),
(10, '2025-06-06', '11:12:01', 27, 'Temp_208'),
(11, '2025-06-06', '11:12:01', 50, 'Hum_208'),
(12, '2025-06-06', '11:12:01', 28, 'Temp_102'),
(13, '2025-06-06', '11:12:01', 50, 'Hum_102'),
(14, '2025-06-06', '11:15:01', 26, 'Temp_208'),
(15, '2025-06-06', '11:15:01', 52, 'Hum_208'),
(16, '2025-06-06', '11:15:01', 28, 'Temp_102'),
(17, '2025-06-06', '11:15:01', 50, 'Hum_102'),
(18, '2025-06-06', '11:18:01', 27, 'Temp_208'),
(19, '2025-06-06', '11:18:01', 51, 'Hum_208'),
(20, '2025-06-06', '11:18:01', 28, 'Temp_102'),
(21, '2025-06-06', '11:18:01', 50, 'Hum_102'),
(22, '2025-06-06', '11:21:01', 26, 'Temp_208'),
(23, '2025-06-06', '11:21:01', 51, 'Hum_208'),
(24, '2025-06-06', '11:21:01', 28, 'Temp_102'),
(25, '2025-06-06', '11:21:01', 49, 'Hum_102'),
(26, '2025-06-06', '11:24:01', 26, 'Temp_208'),
(27, '2025-06-06', '11:24:01', 51, 'Hum_208'),
(28, '2025-06-06', '11:24:01', 28, 'Temp_102'),
(29, '2025-06-06', '11:24:01', 49, 'Hum_102'),
(30, '2025-06-06', '11:27:01', 26, 'Temp_208'),
(31, '2025-06-06', '11:27:01', 51, 'Hum_208'),
(32, '2025-06-06', '11:27:01', 28, 'Temp_102'),
(33, '2025-06-06', '11:27:01', 49, 'Hum_102'),
(34, '2025-06-06', '11:30:01', 26, 'Temp_208'),
(35, '2025-06-06', '11:30:01', 50, 'Hum_208'),
(36, '2025-06-06', '11:30:01', 28, 'Temp_102'),
(37, '2025-06-06', '11:30:01', 49, 'Hum_102'),
(38, '2025-06-06', '11:33:01', 26, 'Temp_208'),
(39, '2025-06-06', '11:33:01', 51, 'Hum_208'),
(40, '2025-06-06', '11:33:01', 28, 'Temp_102'),
(41, '2025-06-06', '11:33:01', 49, 'Hum_102'),
(42, '2025-06-06', '11:36:01', 26, 'Temp_208'),
(43, '2025-06-06', '11:36:01', 52, 'Hum_208'),
(44, '2025-06-06', '11:36:01', 28, 'Temp_102'),
(45, '2025-06-06', '11:36:01', 49, 'Hum_102'),
(46, '2025-06-06', '11:39:01', 26, 'Temp_208'),
(47, '2025-06-06', '11:39:01', 52, 'Hum_208'),
(48, '2025-06-06', '11:39:01', 28, 'Temp_102'),
(49, '2025-06-06', '11:39:01', 50, 'Hum_102'),
(50, '2025-06-06', '11:42:01', 26, 'Temp_208'),
(51, '2025-06-06', '11:42:01', 53, 'Hum_208'),
(52, '2025-06-06', '11:42:01', 28, 'Temp_102'),
(53, '2025-06-06', '11:42:01', 50, 'Hum_102'),
(54, '2025-06-06', '11:45:01', 26, 'Temp_208'),
(55, '2025-06-06', '11:45:01', 52, 'Hum_208'),
(56, '2025-06-06', '11:45:01', 28, 'Temp_102'),
(57, '2025-06-06', '11:45:01', 50, 'Hum_102'),
(58, '2025-06-06', '11:48:01', 26, 'Temp_208'),
(59, '2025-06-06', '11:48:01', 52, 'Hum_208'),
(60, '2025-06-06', '11:48:01', 28, 'Temp_102'),
(61, '2025-06-06', '11:48:01', 49, 'Hum_102'),
(62, '2025-06-06', '11:51:01', 26, 'Temp_208'),
(63, '2025-06-06', '11:51:01', 50, 'Hum_208'),
(64, '2025-06-06', '11:51:01', 28, 'Temp_102'),
(65, '2025-06-06', '11:51:01', 49, 'Hum_102'),
(66, '2025-06-06', '14:33:01', 28, 'Temp_208'),
(67, '2025-06-06', '14:33:01', 54, 'Hum_208'),
(68, '2025-06-06', '14:33:01', 29, 'Temp_102'),
(69, '2025-06-06', '14:33:01', 48, 'Hum_102'),
(70, '2025-06-06', '14:36:01', 28, 'Temp_208'),
(71, '2025-06-06', '14:36:01', 54, 'Hum_208'),
(72, '2025-06-06', '14:36:01', 29, 'Temp_102'),
(73, '2025-06-06', '14:36:01', 48, 'Hum_102'),
(74, '2025-06-06', '14:39:01', 28, 'Temp_208'),
(75, '2025-06-06', '14:39:01', 54, 'Hum_208'),
(76, '2025-06-06', '14:39:01', 29, 'Temp_102'),
(77, '2025-06-06', '14:39:01', 48, 'Hum_102'),
(78, '2025-06-06', '14:42:01', 28, 'Temp_208'),
(79, '2025-06-06', '14:42:01', 54, 'Hum_208'),
(80, '2025-06-06', '14:42:01', 29, 'Temp_102'),
(81, '2025-06-06', '14:42:01', 48, 'Hum_102'),
(82, '2025-06-06', '14:45:01', 28, 'Temp_208'),
(83, '2025-06-06', '14:45:01', 54, 'Hum_208'),
(84, '2025-06-06', '14:45:01', 29, 'Temp_102'),
(85, '2025-06-06', '14:45:01', 49, 'Hum_102'),
(86, '2025-06-06', '14:48:01', 28, 'Temp_208'),
(87, '2025-06-06', '14:48:01', 54, 'Hum_208'),
(88, '2025-06-06', '14:48:01', 29, 'Temp_102'),
(89, '2025-06-06', '14:48:01', 49, 'Hum_102'),
(90, '2025-06-06', '14:51:01', 28, 'Temp_208'),
(91, '2025-06-06', '14:51:01', 55, 'Hum_208'),
(92, '2025-06-06', '14:51:01', 29, 'Temp_102'),
(93, '2025-06-06', '14:51:01', 49, 'Hum_102'),
(94, '2025-06-06', '14:54:01', 28, 'Temp_208'),
(95, '2025-06-06', '14:54:01', 54, 'Hum_208'),
(96, '2025-06-06', '14:54:01', 29, 'Temp_102'),
(97, '2025-06-06', '14:54:01', 49, 'Hum_102'),
(98, '2025-06-06', '14:57:01', 28, 'Temp_208'),
(99, '2025-06-06', '14:57:01', 55, 'Hum_208'),
(100, '2025-06-06', '14:57:01', 29, 'Temp_102'),
(101, '2025-06-06', '14:57:01', 49, 'Hum_102'),
(102, '2025-06-06', '15:00:01', 28, 'Temp_208'),
(103, '2025-06-06', '15:00:01', 55, 'Hum_208'),
(104, '2025-06-06', '15:00:01', 29, 'Temp_102'),
(105, '2025-06-06', '15:00:01', 49, 'Hum_102'),
(106, '2025-06-06', '15:03:01', 28, 'Temp_208'),
(107, '2025-06-06', '15:03:01', 55, 'Hum_208'),
(108, '2025-06-06', '15:03:01', 29, 'Temp_102'),
(109, '2025-06-06', '15:03:01', 49, 'Hum_102'),
(110, '2025-06-06', '15:06:01', 28, 'Temp_208'),
(111, '2025-06-06', '15:06:01', 55, 'Hum_208'),
(112, '2025-06-06', '15:06:01', 29, 'Temp_102'),
(113, '2025-06-06', '15:06:01', 49, 'Hum_102'),
(114, '2025-06-06', '15:09:02', 28, 'Temp_208'),
(115, '2025-06-06', '15:09:02', 54, 'Hum_208'),
(116, '2025-06-06', '15:09:02', 29, 'Temp_102'),
(117, '2025-06-06', '15:09:02', 49, 'Hum_102'),
(118, '2025-06-06', '15:12:01', 28, 'Temp_208'),
(119, '2025-06-06', '15:12:01', 54, 'Hum_208'),
(120, '2025-06-06', '15:12:01', 29, 'Temp_102'),
(121, '2025-06-06', '15:12:01', 49, 'Hum_102'),
(122, '2025-06-06', '15:15:01', 28, 'Temp_208'),
(123, '2025-06-06', '15:15:01', 55, 'Hum_208'),
(124, '2025-06-06', '15:15:01', 29, 'Temp_102'),
(125, '2025-06-06', '15:15:01', 49, 'Hum_102'),
(126, '2025-06-06', '15:18:02', 28, 'Temp_208'),
(127, '2025-06-06', '15:18:02', 54, 'Hum_208'),
(128, '2025-06-06', '15:18:02', 29, 'Temp_102'),
(129, '2025-06-06', '15:18:02', 49, 'Hum_102'),
(130, '2025-06-06', '15:21:01', 28, 'Temp_208'),
(131, '2025-06-06', '15:21:01', 55, 'Hum_208'),
(132, '2025-06-06', '15:21:01', 29, 'Temp_102'),
(133, '2025-06-06', '15:21:01', 49, 'Hum_102'),
(134, '2025-06-06', '15:24:01', 28, 'Temp_208'),
(135, '2025-06-06', '15:24:01', 54, 'Hum_208'),
(136, '2025-06-06', '15:24:01', 29, 'Temp_102'),
(137, '2025-06-06', '15:24:01', 49, 'Hum_102'),
(138, '2025-06-06', '15:27:01', 28, 'Temp_208'),
(139, '2025-06-06', '15:27:01', 54, 'Hum_208'),
(140, '2025-06-06', '15:27:01', 29, 'Temp_102'),
(141, '2025-06-06', '15:27:01', 49, 'Hum_102'),
(142, '2025-06-06', '15:30:01', 28, 'Temp_208'),
(143, '2025-06-06', '15:30:01', 54, 'Hum_208'),
(144, '2025-06-06', '15:30:01', 29, 'Temp_102'),
(145, '2025-06-06', '15:30:01', 49, 'Hum_102'),
(146, '2025-06-06', '15:33:01', 28, 'Temp_208'),
(147, '2025-06-06', '15:33:01', 54, 'Hum_208'),
(148, '2025-06-06', '15:33:01', 29, 'Temp_102'),
(149, '2025-06-06', '15:33:01', 49, 'Hum_102'),
(150, '2025-06-06', '15:36:01', 28, 'Temp_208'),
(151, '2025-06-06', '15:36:01', 54, 'Hum_208'),
(152, '2025-06-06', '15:36:01', 29, 'Temp_102'),
(153, '2025-06-06', '15:36:01', 49, 'Hum_102'),
(154, '2025-06-06', '15:39:01', 28, 'Temp_208'),
(155, '2025-06-06', '15:39:01', 54, 'Hum_208'),
(156, '2025-06-06', '15:39:01', 29, 'Temp_102'),
(157, '2025-06-06', '15:39:01', 49, 'Hum_102'),
(158, '2025-06-06', '15:42:01', 28, 'Temp_208'),
(159, '2025-06-06', '15:42:01', 54, 'Hum_208'),
(160, '2025-06-06', '15:42:01', 29, 'Temp_102'),
(161, '2025-06-06', '15:42:01', 49, 'Hum_102'),
(162, '2025-06-06', '15:45:01', 28, 'Temp_208'),
(163, '2025-06-06', '15:45:01', 54, 'Hum_208'),
(164, '2025-06-06', '15:45:01', 29, 'Temp_102'),
(165, '2025-06-06', '15:45:01', 49, 'Hum_102'),
(166, '2025-06-06', '15:48:01', 28, 'Temp_208'),
(167, '2025-06-06', '15:48:01', 54, 'Hum_208'),
(168, '2025-06-06', '15:48:01', 29, 'Temp_102'),
(169, '2025-06-06', '15:48:01', 49, 'Hum_102'),
(170, '2025-06-06', '15:51:01', 28, 'Temp_208'),
(171, '2025-06-06', '15:51:01', 54, 'Hum_208'),
(172, '2025-06-06', '15:51:01', 29, 'Temp_102'),
(173, '2025-06-06', '15:51:01', 49, 'Hum_102'),
(174, '2025-06-06', '15:54:01', 28, 'Temp_208'),
(175, '2025-06-06', '15:54:01', 54, 'Hum_208'),
(176, '2025-06-06', '15:54:01', 29, 'Temp_102'),
(177, '2025-06-06', '15:54:01', 49, 'Hum_102'),
(178, '2025-06-06', '15:57:01', 28, 'Temp_208'),
(179, '2025-06-06', '15:57:01', 54, 'Hum_208'),
(180, '2025-06-06', '15:57:01', 29, 'Temp_102'),
(181, '2025-06-06', '15:57:01', 49, 'Hum_102'),
(182, '2025-06-06', '16:00:01', 28, 'Temp_208'),
(183, '2025-06-06', '16:00:01', 54, 'Hum_208'),
(184, '2025-06-06', '16:00:01', 29, 'Temp_102'),
(185, '2025-06-06', '16:00:01', 49, 'Hum_102'),
(186, '2025-06-06', '16:03:02', 28, 'Temp_208'),
(187, '2025-06-06', '16:03:02', 54, 'Hum_208'),
(188, '2025-06-06', '16:03:02', 29, 'Temp_102'),
(189, '2025-06-06', '16:03:02', 49, 'Hum_102'),
(190, '2025-06-06', '16:06:01', 28, 'Temp_208'),
(191, '2025-06-06', '16:06:01', 54, 'Hum_208'),
(192, '2025-06-06', '16:06:01', 29, 'Temp_102'),
(193, '2025-06-06', '16:06:01', 50, 'Hum_102'),
(194, '2025-06-06', '16:09:01', 28, 'Temp_208'),
(195, '2025-06-06', '16:09:01', 54, 'Hum_208'),
(196, '2025-06-06', '16:09:01', 29, 'Temp_102'),
(197, '2025-06-06', '16:09:01', 50, 'Hum_102'),
(198, '2025-06-06', '16:12:01', 28, 'Temp_208'),
(199, '2025-06-06', '16:12:01', 54, 'Hum_208'),
(200, '2025-06-06', '16:12:01', 29, 'Temp_102'),
(201, '2025-06-06', '16:12:01', 50, 'Hum_102'),
(202, '2025-06-06', '16:15:01', 28, 'Temp_208'),
(203, '2025-06-06', '16:15:01', 54, 'Hum_208'),
(204, '2025-06-06', '16:15:01', 29, 'Temp_102'),
(205, '2025-06-06', '16:15:01', 50, 'Hum_102'),
(206, '2025-06-06', '16:18:02', 28, 'Temp_208'),
(207, '2025-06-06', '16:18:02', 54, 'Hum_208'),
(208, '2025-06-06', '16:18:02', 29, 'Temp_102'),
(209, '2025-06-06', '16:18:02', 50, 'Hum_102'),
(210, '2025-06-06', '16:21:01', 27, 'Temp_208'),
(211, '2025-06-06', '16:21:01', 53, 'Hum_208'),
(212, '2025-06-06', '16:21:01', 29, 'Temp_102'),
(213, '2025-06-06', '16:21:01', 50, 'Hum_102'),
(214, '2025-06-06', '16:24:01', 27, 'Temp_208'),
(215, '2025-06-06', '16:24:01', 53, 'Hum_208'),
(216, '2025-06-06', '16:24:01', 29, 'Temp_102'),
(217, '2025-06-06', '16:24:01', 50, 'Hum_102'),
(218, '2025-06-06', '16:27:01', 26, 'Temp_208'),
(219, '2025-06-06', '16:27:01', 53, 'Hum_208'),
(220, '2025-06-06', '16:27:01', 29, 'Temp_102'),
(221, '2025-06-06', '16:27:01', 51, 'Hum_102'),
(222, '2025-06-06', '16:30:01', 26, 'Temp_208'),
(223, '2025-06-06', '16:30:01', 52, 'Hum_208'),
(224, '2025-06-06', '16:30:01', 29, 'Temp_102'),
(225, '2025-06-06', '16:30:01', 51, 'Hum_102'),
(226, '2025-06-06', '16:33:01', 26, 'Temp_208'),
(227, '2025-06-06', '16:33:01', 52, 'Hum_208'),
(228, '2025-06-06', '16:33:01', 29, 'Temp_102'),
(229, '2025-06-06', '16:33:01', 51, 'Hum_102'),
(230, '2025-06-06', '16:36:02', 26, 'Temp_208'),
(231, '2025-06-06', '16:36:02', 53, 'Hum_208'),
(232, '2025-06-06', '16:36:02', 29, 'Temp_102'),
(233, '2025-06-06', '16:36:02', 51, 'Hum_102'),
(234, '2025-06-06', '16:39:01', 26, 'Temp_208'),
(235, '2025-06-06', '16:39:01', 54, 'Hum_208'),
(236, '2025-06-06', '16:39:01', 29, 'Temp_102'),
(237, '2025-06-06', '16:39:01', 51, 'Hum_102');

-- --------------------------------------------------------

--
-- Structure de la table `Salle`
--

CREATE TABLE IF NOT EXISTS `Salle` (
  `NOM_salle` varchar(25) COLLATE utf8_unicode_ci NOT NULL,
  `type` varchar(25) COLLATE utf8_unicode_ci NOT NULL,
  `capacite` int(11) NOT NULL,
  `Identifiant` int(11) NOT NULL
) ENGINE=InnoDB DEFAULT CHARSET=utf8 COLLATE=utf8_unicode_ci;

--
-- Contenu de la table `Salle`
--

INSERT INTO `Salle` (`NOM_salle`, `type`, `capacite`, `Identifiant`) VALUES
('E102', 'TD', 32, 1),
('E208', 'TP', 17, 1);

--
-- Index pour les tables exportées
--

--
-- Index pour la table `Batiment`
--
ALTER TABLE `Batiment`
 ADD PRIMARY KEY (`Identifiant`);

--
-- Index pour la table `Capteurs`
--
ALTER TABLE `Capteurs`
 ADD PRIMARY KEY (`NOM_cpt`), ADD KEY `NOM_salle` (`NOM_salle`);

--
-- Index pour la table `Mesure`
--
ALTER TABLE `Mesure`
 ADD PRIMARY KEY (`Identifiant`), ADD KEY `NOM_cpt` (`NOM_cpt`);

--
-- Index pour la table `Salle`
--
ALTER TABLE `Salle`
 ADD PRIMARY KEY (`NOM_salle`), ADD KEY `Identifiant` (`Identifiant`);

--
-- AUTO_INCREMENT pour les tables exportées
--

--
-- AUTO_INCREMENT pour la table `Batiment`
--
ALTER TABLE `Batiment`
MODIFY `Identifiant` int(11) NOT NULL AUTO_INCREMENT,AUTO_INCREMENT=4;
--
-- AUTO_INCREMENT pour la table `Mesure`
--
ALTER TABLE `Mesure`
MODIFY `Identifiant` int(11) NOT NULL AUTO_INCREMENT,AUTO_INCREMENT=238;
--
-- Contraintes pour les tables exportées
--

--
-- Contraintes pour la table `Capteurs`
--
ALTER TABLE `Capteurs`
ADD CONSTRAINT `Capteurs_ibfk_1` FOREIGN KEY (`NOM_salle`) REFERENCES `Salle` (`NOM_salle`) ON DELETE CASCADE ON UPDATE CASCADE;

--
-- Contraintes pour la table `Mesure`
--
ALTER TABLE `Mesure`
ADD CONSTRAINT `Mesure_ibfk_1` FOREIGN KEY (`NOM_cpt`) REFERENCES `Capteurs` (`NOM_cpt`) ON DELETE CASCADE ON UPDATE CASCADE;

--
-- Contraintes pour la table `Salle`
--
ALTER TABLE `Salle`
ADD CONSTRAINT `Salle_ibfk_1` FOREIGN KEY (`Identifiant`) REFERENCES `Batiment` (`Identifiant`) ON DELETE CASCADE ON UPDATE CASCADE;

/*!40101 SET CHARACTER_SET_CLIENT=@OLD_CHARACTER_SET_CLIENT */;
/*!40101 SET CHARACTER_SET_RESULTS=@OLD_CHARACTER_SET_RESULTS */;
/*!40101 SET COLLATION_CONNECTION=@OLD_COLLATION_CONNECTION */;
